Date,Open,High,Low,Close,Volume
23/03/2018,89.5,90.459999,87.080002,87.18,44068900
26/03/2018,90.610001,94,90.400002,93.779999,56396800
27/03/2018,94.940002,95.139999,88.510002,89.470001,56569000
28/03/2018,89.82,91.230003,88.870003,89.389999,52501100
29/03/2018,90.18,92.290001,88.400002,91.269997,45867500
02/04/2018,90.470001,90.879997,87.510002,88.519997,48515400
03/04/2018,89.580002,90.050003,87.889999,89.709999,37213800
04/04/2018,87.849998,92.760002,87.730003,92.330002,35560000
05/04/2018,92.440002,93.07,91.400002,92.379997,29771900
06/04/2018,91.489998,92.459999,89.480003,90.230003,38026000
09/04/2018,91.040001,93.169998,90.620003,90.769997,31533900
10/04/2018,92.389999,93.279999,91.639999,92.879997,26812000
11/04/2018,92.010002,93.290001,91.480003,91.860001,24872100
12/04/2018,92.43,94.160004,92.43,93.580002,26758900
13/04/2018,94.050003,94.18,92.440002,93.080002,23346100
16/04/2018,94.07,94.660004,93.419998,94.169998,20288100
17/04/2018,95,96.540001,94.879997,96.07,26771000
18/04/2018,96.220001,96.720001,95.519997,96.440002,21043300
19/04/2018,96.440002,97.07,95.339996,96.110001,23552500
20/04/2018,95.910004,96.110001,94.050003,95,31154400
23/04/2018,95.739998,96.290001,94.629997,95.349998,22331800
24/04/2018,96.239998,96.470001,92.410004,93.120003,34524800
25/04/2018,93.300003,93.300003,90.279999,92.309998,33729300
26/04/2018,93.550003,95.150002,93.099998,94.260002,42529000
27/04/2018,97.599998,97.900002,93.910004,95.82,48272800
30/04/2018,96.330002,96.400002,93.150002,93.519997,41523600
01/05/2018,93.209999,95.290001,92.790001,95,31408900
02/05/2018,94.989998,95.169998,93.190002,93.510002,27471000
03/05/2018,92.959999,94.93,92.449997,94.07,31142500
04/05/2018,93.32,95.370003,92.919998,95.160004,22531300
07/05/2018,95.169998,96.709999,95.099998,96.220001,24242000
08/05/2018,95.849998,96.160004,95.059998,95.809998,23484600
09/05/2018,96.010002,96.970001,95.050003,96.940002,27327400
10/05/2018,97.459999,97.949997,97.050003,97.910004,22388100
11/05/2018,97.800003,97.870003,97.040001,97.699997,16778300
14/05/2018,97.919998,98.690002,97.309998,98.029999,19454100
15/05/2018,97.239998,97.849998,96.339996,97.32,24594000
16/05/2018,97.360001,97.400002,96.620003,97.150002,17384700
17/05/2018,96.760002,97.540001,95.830002,96.18,17246700
18/05/2018,96.010002,96.93,96.010002,96.360001,17865800
21/05/2018,97,98.010002,96.800003,97.599998,19422500
22/05/2018,97.68,98.169998,97.199997,97.5,15441200
23/05/2018,96.709999,98.730003,96.32,98.660004,21251200
24/05/2018,98.730003,98.940002,96.809998,98.309998,26649300
25/05/2018,98.300003,98.980003,97.860001,98.360001,18363900
29/05/2018,97.839996,98.879997,97.230003,98.010002,28671000
30/05/2018,98.309998,99.25,97.910004,98.949997,22158500
31/05/2018,99.290001,99.989998,98.610001,98.839996,34140900
01/06/2018,99.279999,100.860001,99.169998,100.790001,28655600
04/06/2018,101.260002,101.860001,100.849998,101.669998,27281600
05/06/2018,102,102.330002,101.529999,102.190002,23514400
06/06/2018,102.480003,102.599998,101.900002,102.489998,21122900
07/06/2018,102.650002,102.690002,100.379997,100.879997,28232200
08/06/2018,101.089996,101.949997,100.540001,101.629997,22165100
11/06/2018,101.010002,101.589996,100.669998,101.050003,23490900
12/06/2018,101.099998,101.449997,100.75,101.309998,18325200
13/06/2018,101.720001,102.010002,100.559998,100.849998,29492900
14/06/2018,101.650002,102.029999,101,101.419998,25691800
15/06/2018,101.510002,101.529999,100.07,100.129997,65738600
18/06/2018,100.010002,101.110001,99.419998,100.860001,23586000
19/06/2018,99.650002,101,99.5,100.860001,28653100
20/06/2018,101.370003,102.519997,101.120003,101.870003,26180800
21/06/2018,102.080002,102.459999,100.879997,101.139999,23198200
22/06/2018,100.410004,100.769997,99.629997,100.410004,38923100
25/06/2018,100,100.110001,97.300003,98.389999,35433300
26/06/2018,98.82,100.080002,98.75,99.080002,26897200
27/06/2018,99.580002,100.019997,97.400002,97.540001,31298400
28/06/2018,97.379997,99.110001,97.260002,98.629997,26650700
29/06/2018,98.93,99.910004,98.330002,98.610001,28053200
02/07/2018,98.099998,100.059998,98,100.010002,19564500
03/07/2018,100.480003,100.629997,98.940002,99.050003,14670300
05/07/2018,99.5,99.919998,99.029999,99.760002,18977400
06/07/2018,99.889999,101.43,99.669998,101.160004,19234600
09/07/2018,101.650002,102.25,101.25,101.849998,18212000
10/07/2018,102,102.510002,101.860001,102.120003,19293100
11/07/2018,101.150002,102.339996,101.099998,101.980003,19644600
12/07/2018,102.769997,104.410004,102.730003,104.190002,24335900
13/07/2018,104.370003,105.599998,104.089996,105.43,24635200
16/07/2018,105.400002,105.82,104.519997,104.910004,21786900
17/07/2018,104.610001,106.5,104.32,105.949997,25901700
18/07/2018,105.940002,106.050003,104.720001,105.120003,29493900
19/07/2018,104.93,105.309998,103.889999,104.400002,40171600
20/07/2018,108.080002,108.199997,106.080002,106.269997,56004000
23/07/2018,106.300003,108.139999,106.129997,107.970001,29707000
24/07/2018,108.57,108.82,107.260002,107.660004,26316600
25/07/2018,107.959999,111.150002,107.599998,110.830002,30702100
26/07/2018,110.739998,111,109.5,109.620003,31372100
27/07/2018,110.18,110.18,106.139999,107.68,37005300
30/07/2018,107.190002,107.529999,104.760002,105.370003,34668300
31/07/2018,106.489998,106.720001,105.379997,106.080002,27655200
01/08/2018,106.029999,106.449997,105.419998,106.279999,23628700
02/08/2018,105.400002,108.089996,104.839996,107.57,26104300
03/08/2018,107.800003,108.050003,106.82,108.040001,18659600
06/08/2018,108.120003,108.419998,107.559998,108.129997,20265900
07/08/2018,108.559998,109.099998,108.169998,108.879997,16080200
08/08/2018,109.330002,109.75,108.760002,109.489998,15487500
09/08/2018,109.709999,110.160004,109.599998,109.669998,13677200
10/08/2018,109.419998,109.690002,108.379997,109,18183700
13/08/2018,109.239998,109.580002,108.099998,108.209999,18472500
14/08/2018,108.559998,109.75,108.040001,109.559998,16788300
15/08/2018,108.489998,108.989998,106.82,107.660004,29982800
16/08/2018,108.300003,108.860001,107.300003,107.639999,21384300
17/08/2018,107.360001,107.900002,106.690002,107.580002,18061500
20/08/2018,107.510002,107.900002,106.480003,106.870003,17914200
21/08/2018,106.919998,107.349998,105.849998,105.980003,22881900
22/08/2018,105.849998,107.339996,105.779999,107.059998,18000600
23/08/2018,107.150002,108.18,106.870003,107.559998,18167700
24/08/2018,107.669998,108.559998,107.559998,108.400002,17234000
27/08/2018,109.269997,109.639999,108.510002,109.599998,19662300
28/08/2018,109.940002,110.5,109.790001,110.260002,19151500
29/08/2018,110.449997,112.029999,110.269997,112.019997,20818000
30/08/2018,111.669998,112.610001,111.440002,111.949997,22798700
31/08/2018,111.690002,112.779999,111.519997,112.330002,23222700
04/09/2018,110.849998,111.959999,110.220001,111.709999,22634600
05/09/2018,111.010002,111.419998,108.099998,108.489998,32872400
06/09/2018,108.25,108.989998,107.510002,108.739998,23477600
07/09/2018,108.230003,108.720001,107.230003,108.209999,22498600
10/09/2018,108.839996,109.639999,108.360001,109.379997,20727900
11/09/2018,108.900002,111.589996,108.889999,111.239998,24301800
12/09/2018,111.43,111.849998,110.510002,111.709999,18891100
13/09/2018,112.120003,113.730003,112.120003,112.910004,26055600
14/09/2018,113.360001,113.730003,112.440002,113.370003,19122300
17/09/2018,113.690002,113.699997,111.860001,112.139999,20736500
18/09/2018,112.190002,113.699997,111.720001,113.209999,22170900
19/09/2018,113.050003,113.32,111.040001,111.699997,21728400
20/09/2018,112.279999,113.800003,111.93,113.57,23714500
21/09/2018,114,115.290001,113.510002,114.260002,71229700
24/09/2018,113.029999,114.900002,112.220001,114.669998,27334500
25/09/2018,114.800003,115.099998,113.75,114.449997,22668000
26/09/2018,114.470001,115.059998,113.739998,113.980003,19352000
27/09/2018,114.779999,114.910004,114.199997,114.410004,19091300
28/09/2018,114.190002,114.57,113.68,114.370003,21647800
01/10/2018,114.75,115.68,114.730003,115.610001,18883100
02/10/2018,115.300003,115.839996,114.440002,115.150002,20787200
03/10/2018,115.419998,116.18,114.93,115.169998,16648000
04/10/2018,114.610001,114.760002,111.629997,112.790001,34821700
05/10/2018,112.629997,113.169998,110.639999,112.129997,29068900
08/10/2018,111.660004,112.029999,109.339996,110.849998,29640600
09/10/2018,111.139999,113.080002,110.800003,112.260002,26198600
10/10/2018,111.239998,111.5,105.790001,106.160004,61376300
11/10/2018,105.349998,108.93,104.199997,105.910004,63904300
12/10/2018,109.010002,111.239998,107.120003,109.57,47742100
15/10/2018,108.910004,109.480003,106.949997,107.599998,32068100
16/10/2018,109.540001,111.410004,108.949997,111,31610200
17/10/2018,111.68,111.809998,109.550003,110.709999,26548200
18/10/2018,110.099998,110.529999,107.830002,108.5,32506200
19/10/2018,108.93,110.860001,108.209999,108.660004,32785500
22/10/2018,109.32,110.540001,108.239998,109.629997,26545600
23/10/2018,107.769997,108.970001,105.110001,108.099998,43770400
24/10/2018,108.410004,108.489998,101.589996,102.32,63897800
25/10/2018,106.550003,109.269997,106.150002,108.300003,61646800
26/10/2018,105.690002,108.75,104.760002,106.959999,55523100
29/10/2018,108.110001,108.699997,101.629997,103.849998,55162000
30/10/2018,103.660004,104.379997,100.110001,103.730003,65350900
31/10/2018,105.440002,108.139999,105.389999,106.809998,51062400
01/11/2018,107.050003,107.32,105.529999,105.919998,33384200
02/11/2018,106.480003,107.32,104.980003,106.160004,37680200
05/11/2018,106.370003,107.739998,105.900002,107.510002,27922100
06/11/2018,107.379997,108.839996,106.279999,107.720001,24340200
07/11/2018,109.440002,112.239998,109.400002,111.959999,37901700
08/11/2018,111.800003,112.209999,110.910004,111.75,25644100
09/11/2018,110.849998,111.449997,108.760002,109.57,32039200
12/11/2018,109.419998,109.959999,106.099998,106.870003,33621800
13/11/2018,107.550003,108.739998,106.639999,106.940002,35374600
14/11/2018,108.099998,108.260002,104.470001,104.970001,39495100
15/11/2018,104.989998,107.800003,103.910004,107.279999,38505200
16/11/2018,107.080002,108.879997,106.800003,108.290001,33502100
19/11/2018,108.269997,108.559998,103.550003,104.620003,44773900
20/11/2018,101.800003,102.970001,99.349998,101.709999,64052500
21/11/2018,103.599998,104.43,102.239998,103.110001,28130600
23/11/2018,102.169998,103.809998,102,103.07,13823100
26/11/2018,104.790001,106.629997,104.580002,106.470001,32336200
27/11/2018,106.269997,107.330002,105.360001,107.139999,29124500
28/11/2018,107.889999,111.330002,107.860001,111.120003,46788500
29/11/2018,110.330002,111.120003,109.029999,110.190002,28123200
30/11/2018,110.699997,110.970001,109.360001,110.889999,33665600
03/12/2018,113,113.419998,110.730003,112.089996,34732800
04/12/2018,111.940002,112.639999,108.209999,108.519997,45197000
06/12/2018,105.82,109.239998,105,109.190002,49107400
07/12/2018,108.379997,109.449997,104.300003,104.82,45044900
10/12/2018,104.800003,107.980003,103.889999,107.589996,40801500
11/12/2018,109.800003,110.949997,107.440002,108.589996,42381900
12/12/2018,110.889999,111.269997,109.040001,109.080002,36183000
13/12/2018,109.580002,110.870003,108.629997,109.449997,31333400
14/12/2018,108.25,109.260002,105.5,106.029999,47043100
17/12/2018,105.410004,105.800003,101.709999,102.889999,56957300
18/12/2018,103.75,104.510002,102.519997,103.970001,49319200
19/12/2018,103.650002,106.879997,101.349998,103.690002,68198200
20/12/2018,103.050003,104.309998,98.779999,101.510002,70334200
21/12/2018,101.629997,103,97.459999,98.230003,111242100
24/12/2018,97.68,97.970001,93.980003,94.129997,43935200
26/12/2018,95.139999,100.690002,93.959999,100.559998,51634800
27/12/2018,99.300003,101.190002,96.400002,101.18,49498500
28/12/2018,102.089996,102.410004,99.519997,100.389999,38196300
31/12/2018,101.290001,102.400002,100.440002,101.57,33173800
02/01/2019,99.550003,101.75,98.940002,101.120003,35329300
03/01/2019,100.099998,100.190002,97.199997,97.400002,42579100
04/01/2019,99.720001,102.510002,98.93,101.93,44060600
07/01/2019,101.639999,103.269997,100.980003,102.059998,35656100
08/01/2019,103.040001,103.970001,101.709999,102.800003,31514400
09/01/2019,103.860001,104.879997,103.239998,104.269997,32280800
10/01/2019,103.220001,103.75,102.379997,103.599998,30067600
11/01/2019,103.190002,103.440002,101.639999,102.800003,28314200
14/01/2019,101.900002,102.870003,101.260002,102.050003,28437100
15/01/2019,102.510002,105.050003,101.879997,105.010002,31587600
16/01/2019,105.260002,106.260002,104.959999,105.379997,29853900
17/01/2019,105,106.629997,104.760002,106.120003,28393000
18/01/2019,107.459999,107.900002,105.910004,107.709999,37427600
22/01/2019,106.75,107.099998,104.860001,105.68,32371300
23/01/2019,106.120003,107.040001,105.339996,106.709999,25874300
24/01/2019,106.860001,107,105.339996,106.199997,23164800
25/01/2019,107.239998,107.879997,106.199997,107.169998,31225600
28/01/2019,106.260002,106.480003,104.660004,105.080002,29476700
29/01/2019,104.879997,104.970001,102.169998,102.940002,31490500
30/01/2019,104.620003,106.379997,104.330002,106.379997,49471900
31/01/2019,103.800003,105.220001,103.18,104.43,55636400
01/02/2019,103.779999,104.099998,102.349998,102.779999,35535700
04/02/2019,102.870003,105.800003,102.769997,105.739998,31315100
05/02/2019,106.059998,107.269997,105.959999,107.220001,27325400
06/02/2019,107,107,105.529999,106.029999,20609800
07/02/2019,105.190002,105.589996,104.290001,105.269997,29760700
08/02/2019,104.389999,105.779999,104.260002,105.669998,21461100
11/02/2019,106.199997,106.580002,104.970001,105.25,18914100
12/02/2019,106.139999,107.139999,105.480003,106.889999,25056600
13/02/2019,107.5,107.779999,106.709999,106.809998,18394900
14/02/2019,106.309998,107.290001,105.660004,106.900002,21784700
15/02/2019,107.910004,108.300003,107.360001,108.220001,26606900
19/02/2019,107.790001,108.660004,107.779999,108.169998,18038500
20/02/2019,107.860001,107.940002,106.290001,107.150002,21607700
21/02/2019,106.900002,109.480003,106.870003,109.410004,29063200
22/02/2019,110.050003,111.199997,109.82,110.970001,27763200
25/02/2019,111.760002,112.18,111.260002,111.589996,23750600
26/02/2019,111.260002,113.239998,111.169998,112.360001,21536700
27/02/2019,111.690002,112.360001,110.879997,112.169998,21487100
28/02/2019,112.040001,112.879997,111.730003,112.029999,29083900
01/03/2019,112.889999,113.019997,111.669998,112.529999,23501200
04/03/2019,113.019997,113.25,110.800003,112.260002,26608000
05/03/2019,112.25,112.389999,111.230003,111.699997,19538300
06/03/2019,111.870003,112.660004,111.43,111.75,17687000
07/03/2019,111.400002,111.550003,109.870003,110.389999,25339000
08/03/2019,109.160004,110.709999,108.800003,110.510002,22818400
11/03/2019,110.989998,112.949997,110.980003,112.830002,26491600
12/03/2019,112.82,113.989998,112.650002,113.620003,26132700
13/03/2019,114.129997,115,113.779999,114.5,35513800
14/03/2019,114.540001,115.199997,114.330002,114.589996,30763400
15/03/2019,115.339996,117.25,114.589996,115.910004,54681100
18/03/2019,116.169998,117.610001,116.050003,117.57,31207600
19/03/2019,118.089996,118.440002,116.989998,117.650002,37588700
20/03/2019,117.389999,118.75,116.709999,117.519997,28113300
21/03/2019,117.139999,120.82,117.089996,120.220001,29854400
22/03/2019,119.5,119.589996,117.040001,117.050003,33624500
25/03/2019,116.559998,118.010002,116.32,117.660004,27067100
26/03/2019,118.620003,118.709999,116.849998,117.910004,26097700
27/03/2019,117.879997,118.209999,115.519997,116.769997,22733400
28/03/2019,117.440002,117.580002,116.129997,116.93,18334800
29/03/2019,118.07,118.32,116.959999,117.940002,25399800
01/04/2019,118.949997,119.110001,118.099998,119.019997,22789100
02/04/2019,119.059998,119.480003,118.519997,119.190002,18142300
03/04/2019,119.860001,120.43,119.150002,119.970001,22860700
04/04/2019,120.099998,120.230003,118.379997,119.360001,20112800
05/04/2019,119.389999,120.230003,119.370003,119.889999,15826200
08/04/2019,119.809998,120.019997,118.639999,119.93,15116200
09/04/2019,118.629997,119.540001,118.580002,119.279999,17612000
10/04/2019,119.760002,120.349998,119.540001,120.190002,16477200
11/04/2019,120.540001,120.849998,119.919998,120.330002,14209100
12/04/2019,120.639999,120.980003,120.370003,120.949997,19745100
15/04/2019,120.940002,121.580002,120.57,121.050003,15792600
16/04/2019,121.639999,121.650002,120.099998,120.769997,14071800
17/04/2019,121.239998,121.849998,120.540001,121.769997,19300900
18/04/2019,122.190002,123.519997,121.300003,123.370003,27991000
22/04/2019,122.620003,124,122.57,123.760002,15648700
23/04/2019,124.099998,125.580002,123.830002,125.440002,24025500
24/04/2019,125.790001,125.849998,124.519997,125.010002,31257000
25/04/2019,130.059998,131.369995,128.830002,129.149994,38033900
26/04/2019,129.699997,130.520004,129.020004,129.889999,23654900
29/04/2019,129.899994,130.179993,129.350006,129.770004,16324200
30/04/2019,129.809998,130.699997,129.389999,130.600006,24166500
01/05/2019,130.529999,130.649994,127.699997,127.879997,26821700
02/05/2019,127.980003,128,125.519997,126.209999,27350200
03/05/2019,127.360001,129.429993,127.25,128.899994,24911100
06/05/2019,126.389999,128.559998,126.110001,128.149994,24239800
07/05/2019,126.459999,127.18,124.220001,125.519997,36017700
08/05/2019,125.440002,126.370003,124.75,125.510002,28419000
09/05/2019,124.290001,125.790001,123.57,125.5,27235800
10/05/2019,124.910004,127.93,123.82,127.129997,30915100
13/05/2019,124.110001,125.550003,123.040001,123.349998,33944900
14/05/2019,123.870003,125.879997,123.699997,124.730003,25266300
15/05/2019,124.260002,126.709999,123.699997,126.019997,24722700
16/05/2019,126.75,129.380005,126.459999,128.929993,30112200
17/05/2019,128.309998,130.460007,127.919998,128.070007,25770500
20/05/2019,126.519997,127.589996,125.760002,126.220001,23706900
21/05/2019,127.43,127.529999,126.580002,126.900002,15293300
22/05/2019,126.620003,128.240005,126.519997,127.669998,15396500
23/05/2019,126.199997,126.290001,124.739998,126.18,23603800
24/05/2019,126.910004,127.419998,125.970001,126.239998,14123400
28/05/2019,126.980003,128,126.050003,126.160004,23128400
29/05/2019,125.379997,125.389999,124.040001,124.940002,22763100
30/05/2019,125.260002,125.760002,124.779999,125.730003,16829600
31/05/2019,124.230003,124.620003,123.32,123.68,26646800
03/06/2019,123.849998,124.370003,119.010002,119.839996,37983600
04/06/2019,121.279999,123.279999,120.650002,123.160004,29382600
05/06/2019,124.949997,125.870003,124.209999,125.830002,24926100
06/06/2019,126.440002,127.970001,125.599998,127.82,21459000
07/06/2019,129.190002,132.25,128.259995,131.399994,33885600
10/06/2019,132.399994,134.080002,132,132.600006,26477100
11/06/2019,133.880005,134.240005,131.279999,132.100006,23913700
12/06/2019,131.399994,131.970001,130.710007,131.490005,17092500
13/06/2019,131.979996,133,131.559998,132.320007,17200800
14/06/2019,132.259995,133.789993,131.639999,132.449997,17821700
17/06/2019,132.630005,133.729996,132.529999,132.850006,14517800
18/06/2019,134.190002,135.240005,133.570007,135.160004,25934500
19/06/2019,135,135.929993,133.809998,135.690002,23744400
20/06/2019,137.449997,137.660004,135.720001,136.949997,33042600
21/06/2019,136.580002,137.729996,136.460007,136.970001,36727900
24/06/2019,137,138.399994,137,137.779999,20628800
25/06/2019,137.25,137.589996,132.729996,133.429993,33327400
26/06/2019,134.350006,135.740005,133.600006,133.929993,23657700
27/06/2019,134.139999,134.710007,133.509995,134.149994,16557500
28/06/2019,134.570007,134.600006,133.160004,133.960007,30043000
01/07/2019,136.630005,136.699997,134.970001,135.679993,22613500
02/07/2019,136.119995,136.589996,135.339996,136.580002,15237800
03/07/2019,136.800003,137.740005,136.289993,137.460007,13629300
05/07/2019,135.940002,137.330002,135.720001,137.059998,18141100
08/07/2019,136.399994,137.100006,135.369995,136.960007,16779700
09/07/2019,136,136.970001,135.800003,136.460007,19953100
10/07/2019,137.130005,138.580002,137.020004,137.850006,24204400
11/07/2019,138.199997,139.220001,137.869995,138.399994,22327900
12/07/2019,138.850006,139.130005,138.009995,138.899994,18936800
15/07/2019,139.440002,139.539993,138.460007,138.899994,16651500
16/07/2019,138.960007,139.050003,136.520004,137.080002,22726100
17/07/2019,137.699997,137.929993,136.220001,136.270004,20211000
18/07/2019,135.550003,136.619995,134.669998,136.419998,30381800
19/07/2019,140.220001,140.669998,136.449997,136.619995,48992400
22/07/2019,137.410004,139.190002,137.330002,138.429993,25074900
23/07/2019,139.759995,139.990005,138.029999,139.289993,18034600
24/07/2019,138.899994,140.740005,138.850006,140.720001,20738300
25/07/2019,140.429993,140.610001,139.320007,140.190002,18356900
26/07/2019,140.369995,141.679993,140.300003,141.339996,19037600
29/07/2019,141.5,141.509995,139.369995,141.029999,16605900
30/07/2019,140.139999,141.220001,139.800003,140.350006,16846500
31/07/2019,140.330002,140.490005,135.080002,136.270004,38598800
01/08/2019,137,140.940002,136.929993,138.059998,40557500
02/08/2019,138.089996,138.320007,135.259995,136.899994,30791600
05/08/2019,133.300003,133.929993,130.779999,132.210007,42749600
06/08/2019,133.800003,135.679993,133.210007,134.690002,32696700
07/08/2019,133.789993,135.649994,131.830002,135.279999,33414500
08/08/2019,136.600006,138.990005,135.929993,138.889999,27496500
09/08/2019,138.610001,139.380005,136.460007,137.710007,23466700
12/08/2019,137.070007,137.860001,135.240005,135.789993,20484300
13/08/2019,136.050003,138.800003,135,138.600006,25154600
14/08/2019,136.360001,136.919998,133.669998,133.979996,32527300
15/08/2019,134.389999,134.580002,132.25,133.679993,28074400
16/08/2019,134.880005,136.460007,134.720001,136.130005,24449100
19/08/2019,137.850006,138.550003,136.889999,138.410004,24355700
20/08/2019,138.210007,138.710007,137.240005,137.259995,21170800
21/08/2019,138.550003,139.490005,138,138.789993,14970300
22/08/2019,138.660004,139.199997,136.289993,137.779999,18697000
23/08/2019,137.190002,138.350006,132.800003,133.389999,38508600
26/08/2019,134.990005,135.559998,133.899994,135.449997,20312600
27/08/2019,136.389999,136.720001,134.660004,135.740005,23102100
28/08/2019,134.880005,135.759995,133.550003,135.559998,17393300
29/08/2019,137.25,138.440002,136.910004,138.119995,20168700
30/08/2019,139.149994,139.179993,136.270004,137.860001,23940100
03/09/2019,136.610001,137.199997,135.699997,136.039993,18869300
04/09/2019,137.300003,137.690002,136.479996,137.630005,17995900
05/09/2019,139.110001,140.380005,138.759995,140.050003,26101800
06/09/2019,140.029999,140.179993,138.199997,139.100006,20824500
09/09/2019,139.589996,139.75,136.460007,137.520004,25773900
10/09/2019,136.800003,136.889999,134.509995,136.080002,28903400
11/09/2019,135.910004,136.270004,135.089996,136.119995,24726100
12/09/2019,137.850006,138.419998,136.869995,137.520004,27010000
13/09/2019,137.779999,138.059998,136.570007,137.320007,23363100
16/09/2019,135.830002,136.699997,135.660004,136.330002,16731400
17/09/2019,136.960007,137.520004,136.429993,137.389999,17814200
18/09/2019,137.360001,138.669998,136.529999,138.520004,23982100
19/09/2019,140.300003,142.369995,140.070007,141.070007,35772100
20/09/2019,141.009995,141.649994,138.25,139.440002,39167300
23/09/2019,139.229996,139.630005,138.440002,139.139999,17139300
24/09/2019,140.360001,140.690002,136.880005,137.380005,29773200
25/09/2019,137.5,139.960007,136.029999,139.360001,21382000
26/09/2019,139.440002,140.179993,138.440002,139.539993,17456600
27/09/2019,140.149994,140.360001,136.649994,137.729996,22477700
30/09/2019,138.050003,139.220001,137.779999,139.029999,17280900
01/10/2019,139.660004,140.25,137,137.070007,21466600
02/10/2019,136.25,136.369995,133.580002,134.649994,30521700
03/10/2019,134.949997,136.75,133.220001,136.279999,24132900
04/10/2019,136.75,138.25,136.419998,138.119995,22897700
07/10/2019,137.139999,138.179993,137.020004,137.119995,15303700
08/10/2019,137.080002,137.759995,135.619995,135.669998,25550500
09/10/2019,137.460007,138.699997,136.970001,138.240005,19749900
10/10/2019,138.490005,139.669998,138.25,139.100006,17654600
11/10/2019,140.119995,141.029999,139.5,139.679993,25446000
14/10/2019,139.690002,140.289993,139.520004,139.550003,13304300
15/10/2019,140.059998,141.789993,139.809998,141.570007,19695700
16/10/2019,140.789993,140.990005,139.529999,140.410004,20751600
17/10/2019,140.949997,141.419998,139.020004,139.690002,21460600
18/10/2019,139.759995,140,136.559998,137.410004,32273500
21/10/2019,138.449997,138.5,137.009995,138.429993,20078200
22/10/2019,138.970001,140.009995,136.259995,136.369995,27431000
23/10/2019,136.880005,137.449997,135.610001,137.240005,29844600
24/10/2019,139.389999,140.419998,138.669998,139.940002,37029300
25/10/2019,139.339996,141.139999,139.199997,140.729996,25959700
28/10/2019,144.399994,145.669998,143.509995,144.190002,35280100
29/10/2019,144.080002,144.5,142.649994,142.830002,20589500
30/10/2019,143.520004,145,142.789993,144.610001,18496600
31/10/2019,144.899994,144.929993,142.990005,143.369995,24605100
01/11/2019,144.259995,144.419998,142.970001,143.720001,33128400
04/11/2019,144.830002,145,144.160004,144.550003,16912000
05/11/2019,144.970001,145.020004,143.910004,144.460007,18250200
06/11/2019,144.369995,144.520004,143.199997,144.059998,16575800
07/11/2019,143.839996,144.880005,143.770004,144.259995,17786700
08/11/2019,143.979996,145.990005,143.759995,145.960007,16732700
11/11/2019,145.339996,146.419998,144.729996,146.110001,14362600
12/11/2019,146.279999,147.570007,146.059998,147.070007,18641600
13/11/2019,146.740005,147.460007,146.279999,147.309998,16919200
14/11/2019,147.020004,148.410004,147,148.059998,19729800
15/11/2019,148.929993,149.990005,148.270004,149.970001,23485700
18/11/2019,150.070007,150.550003,148.979996,150.339996,21534000
19/11/2019,150.880005,151.330002,150.199997,150.389999,23935700
20/11/2019,150.309998,150.839996,148.460007,149.619995,25696800
21/11/2019,149.399994,149.800003,148.5,149.479996,18576100
22/11/2019,150.070007,150.300003,148.820007,149.589996,15901800
25/11/2019,150,151.350006,149.919998,151.229996,22420900
26/11/2019,151.360001,152.419998,151.320007,152.029999,24620100
27/11/2019,152.330002,152.5,151.520004,152.320007,15184400
29/11/2019,152.100006,152.300003,151.279999,151.380005,11977300
02/12/2019,151.809998,151.830002,148.320007,149.550003,27418400
03/12/2019,147.490005,149.429993,146.649994,149.309998,24066000
04/12/2019,150.139999,150.179993,149.199997,149.850006,17574700
05/12/2019,150.050003,150.320007,149.479996,149.929993,17869100
06/12/2019,150.990005,151.869995,150.270004,151.75,16403500
09/12/2019,151.070007,152.210007,150.910004,151.360001,16687400
10/12/2019,151.289993,151.889999,150.759995,151.130005,16476100
11/12/2019,151.539993,151.869995,150.330002,151.699997,18856600
12/12/2019,151.649994,153.440002,151.020004,153.240005,24612100
13/12/2019,153,154.889999,152.830002,154.529999,23845400
16/12/2019,155.110001,155.899994,154.820007,155.529999,24144200
17/12/2019,155.449997,155.710007,154.449997,154.690002,25425600
18/12/2019,154.300003,155.479996,154.179993,154.369995,24129200
19/12/2019,154,155.770004,153.75,155.710007,24958900
20/12/2019,157.350006,158.490005,156.289993,157.410004,53477500
23/12/2019,158.119995,158.119995,157.270004,157.410004,17718200
24/12/2019,157.479996,157.710007,157.119995,157.380005,8989200
26/12/2019,157.559998,158.729996,157.399994,158.669998,14520600
27/12/2019,159.449997,159.550003,158.220001,158.960007,18412800
30/12/2019,158.990005,159.020004,156.729996,157.589996,16348400
31/12/2019,156.770004,157.770004,156.449997,157.699997,18369400
02/01/2020,158.779999,160.729996,158.330002,160.619995,22622100
03/01/2020,158.320007,159.949997,158.059998,158.619995,21116200
06/01/2020,157.080002,159.100006,156.509995,159.029999,20813700
07/01/2020,159.320007,159.669998,157.320007,157.580002,21634100
08/01/2020,158.929993,160.800003,157.949997,160.089996,27746500
09/01/2020,161.839996,162.220001,161.029999,162.089996,21385000
10/01/2020,162.820007,163.220001,161.179993,161.339996,20725900
13/01/2020,161.759995,163.309998,161.259995,163.279999,21626500
14/01/2020,163.389999,163.600006,161.720001,162.130005,23477400
15/01/2020,162.619995,163.940002,162.570007,163.179993,21417900
16/01/2020,164.350006,166.240005,164.029999,166.169998,23865400
17/01/2020,167.419998,167.470001,165.429993,167.100006,34371700
21/01/2020,166.679993,168.190002,166.429993,166.5,29517200
22/01/2020,167.399994,167.490005,165.679993,165.699997,24138800
23/01/2020,166.190002,166.800003,165.270004,166.720001,19680800
24/01/2020,167.509995,167.529999,164.449997,165.039993,24918100
27/01/2020,161.149994,163.380005,160.199997,162.279999,32078100
28/01/2020,163.779999,165.759995,163.070007,165.460007,24899900
29/01/2020,167.839996,168.75,165.690002,168.039993,34754500
30/01/2020,174.050003,174.050003,170.789993,172.779999,51597500
31/01/2020,172.210007,172.399994,169.580002,170.229996,36142700
03/02/2020,170.429993,174.5,170.399994,174.380005,30107000
04/02/2020,177.139999,180.639999,176.309998,180.119995,36433300
05/02/2020,184.029999,184.199997,178.410004,179.899994,39186300
06/02/2020,180.970001,183.820007,180.059998,183.630005,27751400
07/02/2020,182.850006,185.630005,182.479996,183.889999,33529100
10/02/2020,183.580002,188.839996,183.25,188.699997,35844300
11/02/2020,190.649994,190.699997,183.5,184.440002,53159900
12/02/2020,185.580002,185.850006,181.850006,184.710007,47062900
13/02/2020,183.080002,186.229996,182.869995,183.710007,35295800
14/02/2020,183.25,185.410004,182.649994,185.350006,23149500
18/02/2020,185.610001,187.699997,185.5,187.229996,27792200
19/02/2020,188.059998,188.179993,186.470001,187.279999,29997500
20/02/2020,186.949997,187.25,181.100006,184.419998,36862400
21/02/2020,183.169998,183.5,177.25,178.589996,48572600
24/02/2020,167.770004,174.550003,163.229996,170.889999,68311100
25/02/2020,174.199997,174.839996,167.649994,168.070007,68073300
26/02/2020,169.710007,173.259995,168.210007,170.169998,56206100
27/02/2020,163.320007,167.029999,157.979996,158.179993,93174900
28/02/2020,152.410004,163.710007,152,162.009995,97012700
02/03/2020,165.309998,172.919998,162.309998,172.789993,71030800
03/03/2020,173.800003,175,162.259995,164.509995,71677000
04/03/2020,168.490005,170.699997,165.619995,170.550003,49814400
05/03/2020,166.050003,170.869995,165.690002,166.270004,47817300
06/03/2020,162.610001,163.110001,156,161.570007,72821100
09/03/2020,151,157.75,150,150.619995,70419300
10/03/2020,158.160004,161.029999,152.580002,160.919998,65354400
11/03/2020,157.130005,157.699997,151.149994,153.630005,56371600
12/03/2020,145.300003,153.470001,138.580002,139.059998,93226400
13/03/2020,147.5,161.910004,140.729996,158.830002,92727400
16/03/2020,140,149.350006,135,135.419998,87905900
17/03/2020,140,147.5,135,146.570007,81059800
18/03/2020,138,146,135.020004,140.399994,81593200
19/03/2020,142.770004,150.149994,139,142.710007,85922700
20/03/2020,146,147.100006,135.860001,137.350006,84866200
23/03/2020,137.009995,140.570007,132.520004,135.979996,78975200
24/03/2020,143.75,149.600006,141.270004,148.339996,82516700
25/03/2020,148.910004,154.330002,144.440002,146.919998,75638200
26/03/2020,148.399994,156.660004,148.369995,156.110001,64568100
27/03/2020,151.75,154.889999,149.199997,149.699997,57042300
30/03/2020,152.440002,160.600006,150.009995,160.229996,63420300
31/03/2020,159.399994,164.779999,156.559998,157.710007,77927200
01/04/2020,153,157.75,150.820007,152.110001,57969900
02/04/2020,151.860001,155.479996,150.360001,155.259995,49630700
03/04/2020,155.100006,157.380005,152.190002,153.830002,41243300
06/04/2020,160.320007,166.5,157.580002,165.270004,67111700
07/04/2020,169.589996,170,163.259995,163.490005,62769000
08/04/2020,165.669998,166.669998,163.5,165.130005,48318200
09/04/2020,166.360001,167.369995,163.330002,165.139999,51385100
13/04/2020,164.350006,165.570007,162.300003,165.509995,41905300
14/04/2020,169,173.75,168,173.699997,52874300
15/04/2020,171.199997,173.570007,169.240005,171.880005,40940800
16/04/2020,174.300003,177.279999,172.899994,177.039993,50479600
17/04/2020,179.5,180,175.869995,178.600006,52765600
20/04/2020,176.630005,178.75,174.990005,175.059998,36669600
21/04/2020,173.5,173.669998,166.110001,167.820007,56203700
22/04/2020,171.389999,174,170.820007,173.520004,34620200
23/04/2020,174.110001,175.059998,170.910004,171.419998,32790800
24/04/2020,172.059998,174.559998,170.710007,174.550003,34277600
27/04/2020,176.589996,176.899994,173.300003,174.050003,33194400
28/04/2020,175.589996,175.669998,169.389999,169.809998,34392700
29/04/2020,173.220001,177.679993,171.880005,177.429993,51286600
30/04/2020,180,180.399994,176.229996,179.210007,53875900
01/05/2020,175.800003,178.639999,174.009995,174.570007,39370500
04/05/2020,174.490005,179,173.800003,178.839996,30372900
05/05/2020,180.619995,183.649994,179.899994,180.759995,36839200
06/05/2020,182.080002,184.199997,181.630005,182.539993,32139300
07/05/2020,184.169998,184.550003,182.580002,183.600006,28316000
08/05/2020,184.979996,185,183.360001,184.679993,30877800
11/05/2020,183.149994,187.509995,182.850006,186.740005,30892700
12/05/2020,186.800003,187.039993,182.300003,182.509995,32038200
13/05/2020,182.550003,184.050003,176.539993,179.75,44711500
14/05/2020,177.539993,180.690002,175.679993,180.529999,41873900
15/05/2020,179.059998,187.059998,177,183.160004,46610400
18/05/2020,185.75,186.199997,183.960007,184.910004,35264500
19/05/2020,185.029999,186.600006,183.490005,183.630005,26799100
20/05/2020,184.809998,185.850006,183.940002,185.660004,31261300
21/05/2020,185.399994,186.669998,183.289993,183.429993,29119500
22/05/2020,183.190002,184.460007,182.539993,183.509995,20826900
26/05/2020,186.339996,186.5,181.100006,181.570007,36073600
27/05/2020,180.199997,181.990005,176.600006,181.809998,39517100
28/05/2020,180.740005,184.149994,180.380005,181.399994,33810200
29/05/2020,182.729996,184.270004,180.410004,183.25,42130400
01/06/2020,182.539993,183,181.460007,182.830002,22622400
02/06/2020,184.25,185,181.350006,184.910004,30794600
03/06/2020,184.820007,185.940002,183.580002,185.360001,27311000
04/06/2020,184.300003,185.839996,182.300003,182.919998,28761800
05/06/2020,182.619995,187.729996,182.009995,187.199997,39893600
08/06/2020,185.940002,188.550003,184.440002,188.360001,33211600
09/06/2020,188,190.699997,187.259995,189.800003,29783900
10/06/2020,191.130005,198.520004,191.009995,196.839996,43872300
11/06/2020,193.130005,195.759995,186.070007,186.270004,52854700
12/06/2020,190.539993,191.720001,185.179993,187.740005,43373600
15/06/2020,184.580002,190.820007,184.009995,188.940002,32770200
16/06/2020,192.889999,195.580002,191.460007,193.570007,42556700
17/06/2020,195.029999,196.320007,193.690002,194.240005,25687800
18/06/2020,194,196.490005,194,196.320007,23061600
19/06/2020,198.589996,199.289993,194.369995,195.149994,44441100
22/06/2020,195.789993,200.759995,195.229996,200.570007,32818900
23/06/2020,202.089996,203.949997,201.429993,201.910004,30917400
24/06/2020,201.600006,203.25,196.559998,197.839996,36740600
25/06/2020,197.800003,200.610001,195.470001,200.339996,27803900
26/06/2020,199.729996,199.889999,194.880005,196.330002,54675800
29/06/2020,195.779999,198.529999,193.550003,198.440002,26701600
30/06/2020,197.880005,204.399994,197.740005,203.509995,34310300
01/07/2020,203.139999,206.350006,201.770004,204.699997,32061200
02/07/2020,205.679993,208.020004,205,206.259995,29315800
06/07/2020,208.830002,211.130005,208.089996,210.699997,31897600
07/07/2020,210.449997,214.669998,207.990005,208.25,33600700
08/07/2020,210.070007,213.259995,208.690002,212.830002,33600000
09/07/2020,216.330002,216.380005,211.470001,214.320007,33121700
10/07/2020,213.619995,214.080002,211.080002,213.669998,26177600
13/07/2020,214.479996,215.800003,206.5,207.070007,38135600
14/07/2020,206.130005,208.850006,202.029999,208.350006,37591800
15/07/2020,209.559998,211.330002,205.029999,208.039993,32179400
16/07/2020,205.399994,205.699997,202.309998,203.919998,29940700
17/07/2020,204.470001,205.039993,201.389999,202.880005,31635300
20/07/2020,205,212.300003,203.009995,211.600006,36884800
21/07/2020,213.660004,213.940002,208.029999,208.75,37990400
22/07/2020,209.199997,212.300003,208.389999,211.75,49605700
23/07/2020,207.190002,210.919998,202.149994,202.539993,67457000
24/07/2020,200.419998,202.860001,197.509995,201.300003,39827000
27/07/2020,201.470001,203.970001,200.860001,203.850006,30160900
28/07/2020,203.610001,204.699997,201.740005,202.020004,23251400
29/07/2020,202.5,204.649994,202.009995,204.059998,19632600
30/07/2020,201,204.460007,199.570007,203.899994,25079600
31/07/2020,204.399994,205.100006,199.009995,205.009995,51044000
03/08/2020,211.520004,217.639999,210.440002,216.539993,78983000
04/08/2020,214.169998,214.770004,210.309998,213.289993,49280100
05/08/2020,214.899994,215,211.570007,212.940002,28806400
06/08/2020,212.339996,216.369995,211.550003,216.350006,32656800
07/08/2020,214.850006,215.699997,210.929993,212.479996,27820400
10/08/2020,211.669998,211.880005,206.350006,208.25,36716500
11/08/2020,207.160004,207.649994,203.139999,203.380005,36446500
12/08/2020,205.289993,210.279999,204.75,209.190002,28013100
13/08/2020,209.440002,211.350006,208.149994,208.699997,22588900
14/08/2020,208.759995,209.589996,207.509995,208.899994,17958900
17/08/2020,209.600006,211.190002,208.919998,210.279999,20184800
18/08/2020,210.529999,212.360001,209.210007,211.490005,21336200
19/08/2020,211.490005,212.100006,209.25,209.699997,27627600
20/08/2020,209.539993,215,208.910004,214.580002,26981500
21/08/2020,213.860001,216.25,212.850006,213.020004,36249300
24/08/2020,214.789993,215.520004,212.429993,213.690002,25460100
25/08/2020,213.100006,216.610001,213.100006,216.470001,23043700
26/08/2020,217.880005,222.089996,217.360001,221.149994,39600800
27/08/2020,222.889999,231.149994,219.399994,226.580002,57602200
28/08/2020,228.179993,230.639999,226.580002,228.910004,26292900
31/08/2020,227,228.699997,224.309998,225.529999,28774200
01/09/2020,225.509995,227.449997,224.429993,227.270004,25725500
02/09/2020,227.970001,232.860001,227.350006,231.649994,34080800
03/09/2020,229.270004,229.309998,214.960007,217.300003,58400300
04/09/2020,215.100006,218.360001,205.190002,214.25,59664100
08/09/2020,206.5,210.029999,202.199997,202.660004,52924300
09/09/2020,207.600006,214.839996,206.699997,211.289993,45679000
10/09/2020,213.399994,214.740005,204.110001,205.369995,35461500
11/09/2020,207.199997,208.630005,201.240005,204.029999,33620100
14/09/2020,204.240005,209.199997,204.029999,205.410004,30375800
15/09/2020,208.419998,209.779999,206.929993,208.779999,21823900
16/09/2020,210.619995,210.649994,204.639999,205.050003,26328100
17/09/2020,200.050003,204.330002,199.960007,202.910004,34011300
18/09/2020,202.800003,203.649994,196.25,200.389999,55225300
21/09/2020,197.190002,202.710007,196.380005,202.539993,39839700
22/09/2020,205.059998,208.100006,202.080002,207.419998,33517100
23/09/2020,207.899994,208.100006,200.029999,200.589996,30803800
24/09/2020,199.850006,205.570007,199.199997,203.190002,31202500
25/09/2020,203.550003,209.039993,202.539993,207.820007,29437300
28/09/2020,210.880005,212.570007,208.059998,209.440002,32004900
29/09/2020,209.350006,210.070007,206.809998,207.259995,24221900
30/09/2020,207.729996,211.979996,206.539993,210.330002,33829100
01/10/2020,213.490005,213.990005,211.320007,212.460007,27158400
02/10/2020,208,210.990005,205.539993,206.190002,33154800
05/10/2020,207.220001,210.410004,206.979996,210.380005,21331600
06/10/2020,208.820007,210.179993,204.820007,205.910004,28554300
07/10/2020,207.059998,210.110001,206.720001,209.830002,25681100
08/10/2020,210.509995,211.190002,208.320007,210.580002,19925800
09/10/2020,211.229996,215.860001,211.229996,215.809998,26458000
12/10/2020,218.789993,223.860001,216.809998,221.399994,40461400
13/10/2020,222.720001,225.210007,220.429993,222.860001,28950800
14/10/2020,223,224.220001,219.130005,220.860001,23421700
15/10/2020,217.100006,220.360001,216.009995,219.660004,22733100
16/10/2020,220.149994,222.289993,219.320007,219.660004,26057900
19/10/2020,220.419998,222.300003,213.720001,214.220001,27625800
20/10/2020,215.800003,217.369995,213.089996,214.649994,22753500
21/10/2020,213.119995,216.919998,213.119995,214.800003,22724900
22/10/2020,213.929993,216.059998,211.699997,214.889999,22351500
23/10/2020,215.029999,216.279999,213.160004,216.229996,18879600
26/10/2020,213.850006,216.339996,208.100006,210.080002,37111600
27/10/2020,211.589996,214.669998,210.330002,213.25,36700300
28/10/2020,207.669998,208.839996,202.100006,202.679993,51195600
29/10/2020,204.070007,207.360001,203.369995,204.720001,31432600
30/10/2020,203.5,204.289993,199.619995,202.470001,36953700
02/11/2020,204.289993,205.279999,200.119995,202.330002,30842200
03/11/2020,203.889999,208.119995,203.119995,206.429993,27512000
04/11/2020,214.020004,218.320007,212.419998,216.389999,42311800
05/11/2020,222.039993,224.119995,221.149994,223.289993,36080100
06/11/2020,222.259995,224.360001,218.029999,223.720001,25231900
09/11/2020,224.440002,228.119995,217.880005,218.389999,44395000
10/11/2020,214.5,216.5,209.720001,211.009995,44045100
11/11/2020,212.389999,218.039993,212.199997,216.550003,29440800
12/11/2020,217.210007,219.110001,214.460007,215.440002,21593900
13/11/2020,216.360001,217.419998,214.160004,216.509995,18621100
16/11/2020,214.869995,217.740005,214.520004,217.229996,24953300
17/11/2020,216.100006,217.679993,214.080002,214.460007,24154100
18/11/2020,213.649994,215.169998,210.929993,211.080002,28372800
19/11/2020,211.380005,213.029999,209.929993,212.419998,24792700
20/11/2020,212.199997,213.289993,210,210.389999,22843100
23/11/2020,210.949997,212.289993,208.160004,210.110001,25683500
24/11/2020,209.589996,214.25,208.860001,213.860001,33979700
25/11/2020,215.110001,215.289993,212.460007,213.869995,21012900
27/11/2020,214.850006,216.270004,214.039993,215.229996,14512200
30/11/2020,214.100006,214.759995,210.839996,214.070007,33064800
01/12/2020,214.509995,217.320007,213.350006,216.210007,30904500
02/12/2020,214.880005,215.470001,212.800003,215.369995,23724500
03/12/2020,214.610001,216.380005,213.649994,214.240005,25120900
04/12/2020,214.220001,215.380005,213.179993,214.360001,24666000
07/12/2020,214.369995,215.539993,212.990005,214.289993,24620000
08/12/2020,213.970001,216.949997,212.889999,216.009995,23284100
09/12/2020,215.160004,215.229996,211.210007,211.800003,32440600
10/12/2020,211.770004,213.080002,210.360001,210.520004,26733300
11/12/2020,210.050003,213.320007,209.110001,213.259995,30979400
14/12/2020,213.100006,216.210007,212.880005,214.199997,28798400
15/12/2020,215.169998,215.419998,212.240005,214.130005,27000600
16/12/2020,214.75,220.110001,214.720001,219.279999,35023300
17/12/2020,219.869995,220.889999,217.919998,219.419998,32515800
18/12/2020,218.589996,219.690002,216.020004,218.589996,63354900
21/12/2020,217.550003,224,217.279999,222.589996,37181900
22/12/2020,222.690002,225.630005,221.850006,223.940002,22612200
23/12/2020,223.110001,223.559998,220.800003,221.020004,18699600
24/12/2020,221.419998,223.610001,221.199997,222.75,10550600
28/12/2020,224.449997,226.029999,223.020004,224.960007,17933500
29/12/2020,226.309998,227.179993,223.580002,224.149994,17403200
30/12/2020,225.229996,225.630005,221.470001,221.679993,20272300
31/12/2020,221.699997,223,219.679993,222.419998,20942100
04/01/2021,222.529999,223,214.809998,217.690002,37130100
05/01/2021,217.259995,218.520004,215.699997,217.899994,23823000
06/01/2021,212.169998,216.490005,211.940002,212.25,35930700
07/01/2021,214.039993,219.339996,213.710007,218.289993,27694500
08/01/2021,218.679993,220.580002,217.029999,219.619995,22956200
11/01/2021,218.470001,218.910004,216.729996,217.490005,23031300
12/01/2021,216.5,217.100006,213.320007,214.929993,23249300
13/01/2021,214.020004,216.759995,213.929993,216.339996,20087100
14/01/2021,215.910004,217.460007,212.740005,213.020004,29480800
15/01/2021,213.520004,214.509995,212.029999,212.649994,31746500
19/01/2021,213.75,216.979996,212.630005,216.440002,30480900
20/01/2021,217.699997,225.789993,217.289993,224.339996,37777300
21/01/2021,224.699997,226.300003,222.419998,224.970001,30709400
22/01/2021,227.080002,230.070007,225.800003,225.949997,30172700
25/01/2021,229.119995,229.779999,224.220001,229.529999,33152100
26/01/2021,231.860001,234.179993,230.080002,232.330002,49169600
27/01/2021,238,240.440002,230.139999,232.899994,69870600
28/01/2021,235.610001,242.639999,235.089996,238.929993,49111200
29/01/2021,235.990005,238.020004,231.350006,231.960007,42503100
01/02/2021,235.059998,242.5,232.429993,239.649994,33314200
02/02/2021,241.300003,242.309998,238.690002,239.509995,25916300
03/02/2021,239.570007,245.089996,239.259995,243,27158100
04/02/2021,242.660004,243.240005,240.369995,242.009995,25296100
05/02/2021,242.229996,243.279999,240.419998,242.199997,18054800
08/02/2021,243.149994,243.679993,240.809998,242.470001,22211900
09/02/2021,241.869995,244.759995,241.380005,243.770004,23565000
10/02/2021,245,245.919998,240.889999,242.820007,22186700
11/02/2021,244.779999,245.149994,242.149994,244.490005,15751100
12/02/2021,243.929993,245.300003,242.729996,244.990005,16561100
16/02/2021,245.029999,246.130005,242.919998,243.699997,26728500
17/02/2021,241.320007,244.309998,240.940002,244.199997,21653500
18/02/2021,241.800003,243.929993,240.860001,243.789993,16925600
19/02/2021,243.75,243.860001,240.179993,240.970001,25262600
22/02/2021,237.419998,237.929993,232.399994,234.509995,36446900
23/02/2021,230.330002,234.830002,228.729996,233.270004,30228700
24/02/2021,230.009995,235.199997,229,234.550003,26339700
25/02/2021,232.080002,234.589996,227.880005,228.990005,39542200
26/02/2021,231.529999,235.369995,229.539993,232.380005,37819200
01/03/2021,235.899994,237.470001,233.149994,236.940002,25324000
02/03/2021,237.009995,237.300003,233.449997,233.869995,22812500
03/03/2021,232.160004,233.580002,227.259995,227.559998,34029500
04/03/2021,226.740005,232.490005,224.259995,226.729996,44727800
05/03/2021,229.520004,233.270004,226.460007,231.600006,41872800
08/03/2021,231.369995,233.369995,227.130005,227.389999,35267400
09/03/2021,232.880005,235.380005,231.669998,233.779999,33080500
10/03/2021,237,237,232.039993,232.419998,29746800
11/03/2021,234.960007,239.169998,234.309998,237.130005,29907600
12/03/2021,234.009995,235.820007,233.229996,235.75,22653700
15/03/2021,234.960007,235.190002,231.809998,234.809998,26034900
16/03/2021,236.279999,240.059998,235.940002,237.710007,28092200
17/03/2021,236.149994,238.550003,233.229996,237.039993,29562100
18/03/2021,232.559998,234.190002,230.330002,230.720001,34833000
19/03/2021,231.020004,232.470001,229.350006,230.350006,46430700
22/03/2021,230.270004,236.899994,230.139999,235.990005,30127000
23/03/2021,237.490005,241.050003,237.070007,237.580002,31638400
24/03/2021,237.850006,238,235.320007,235.460007,25620100
25/03/2021,235.300003,236.940002,231.570007,232.339996,34061900
26/03/2021,231.550003,236.710007,231.550003,236.479996,25479900
29/03/2021,236.589996,236.800003,231.880005,235.240005,25227500
30/03/2021,233.529999,233.850006,231.100006,231.850006,24792000
31/03/2021,232.910004,239.100006,232.389999,235.770004,43623500
01/04/2021,238.470001,242.839996,238.050003,242.350006,30338000
05/04/2021,242.759995,249.960007,242.699997,249.070007,36910600
06/04/2021,247.610001,249.399994,246.880005,247.860001,22931900
07/04/2021,247.809998,250.929993,247.190002,249.899994,22719800
08/04/2021,252.770004,254.139999,252,253.25,23625200
09/04/2021,252.869995,255.990005,252.440002,255.850006,24326800
12/04/2021,254.710007,257.670013,254.619995,255.910004,27148700
13/04/2021,257.26001,259.190002,256.829987,258.48999,23837500
14/04/2021,257.480011,258.829987,255.160004,255.589996,23070900
15/04/2021,257.929993,259.929993,257.730011,259.5,25627500
16/04/2021,259.470001,261,257.600006,260.73999,24878600
19/04/2021,260.190002,261.480011,257.820007,258.73999,23209300
20/04/2021,257.820007,260.200012,256.839996,258.26001,19722900
21/04/2021,258.940002,260.679993,257.25,260.579987,24030400
22/04/2021,260.209991,261.779999,255.639999,257.170013,25606200
23/04/2021,257.880005,261.51001,257.269989,261.149994,21462600
26/04/2021,261.660004,262.440002,260.170013,261.549988,19763300
27/04/2021,261.579987,263.190002,260.119995,261.970001,31014200
28/04/2021,256.079987,256.540009,252.949997,254.559998,46903100
29/04/2021,255.460007,256.100006,249,252.509995,40589000
30/04/2021,249.740005,253.080002,249.600006,252.179993,30945100
03/05/2021,253.399994,254.350006,251.119995,251.860001,19626600
04/05/2021,250.970001,251.210007,245.759995,247.789993,32756100
05/05/2021,249.059998,249.5,245.820007,246.470001,21901300
06/05/2021,246.449997,249.860001,244.690002,249.729996,26491100
07/05/2021,252.149994,254.300003,251.169998,252.460007,27032900
10/05/2021,250.869995,251.729996,247.119995,247.179993,29299900
11/05/2021,244.550003,246.600006,242.570007,246.229996,33641600
12/05/2021,242.169998,244.380005,238.070007,239,36684400
13/05/2021,241.800003,245.600006,241.419998,243.029999,29624300
14/05/2021,245.580002,249.179993,245.490005,248.149994,23901100
17/05/2021,246.550003,246.589996,243.520004,245.179993,24970200
18/05/2021,246.270004,246.410004,242.899994,243.080002,20168000
19/05/2021,239.309998,243.229996,238.600006,243.119995,25739800
20/05/2021,243.960007,247.949997,243.860001,246.479996,21800700
21/05/2021,247.570007,248.330002,244.740005,245.169998,21863100
24/05/2021,247.789993,251.160004,247.509995,250.779999,21411500
25/05/2021,251.770004,252.75,250.820007,251.720001,17704300
26/05/2021,251.429993,252.940002,250.75,251.490005,17771600
27/05/2021,251.169998,251.479996,249.25,249.309998,24426200
28/05/2021,251,252.080002,249.559998,249.679993,18270200
01/06/2021,251.229996,251.289993,246.960007,247.399994,23213300
02/06/2021,248.130005,249.270004,245.839996,247.300003,19406700
03/06/2021,245.220001,246.339996,243,245.710007,25307700
04/06/2021,247.759995,251.649994,247.509995,250.789993,25281100
07/06/2021,249.979996,254.089996,249.809998,253.809998,23079200
08/06/2021,255.160004,256.01001,252.509995,252.570007,22455000
09/06/2021,253.809998,255.529999,253.210007,253.589996,17937600
10/06/2021,254.289993,257.459991,253.669998,257.23999,24563600
11/06/2021,257.98999,258.48999,256.609985,257.890015,18999700
14/06/2021,257.899994,259.950012,256.799988,259.890015,19150500
15/06/2021,259.769989,259.98999,257.679993,258.359985,18038900
16/06/2021,259.399994,260.579987,254.419998,257.380005,27220000
17/06/2021,256.070007,261.75,256.01001,260.899994,27565500
18/06/2021,259.630005,262.299988,258.75,259.429993,37202200
21/06/2021,259.820007,263.519989,257.920013,262.630005,26696100
22/06/2021,262.720001,265.790009,262.399994,265.51001,24694100
23/06/2021,265.98999,266.829987,264.429993,265.269989,19518700
24/06/2021,266.160004,267.850006,265.470001,266.690002,21446900
25/06/2021,266.230011,267.25,264.76001,265.019989,25611100
28/06/2021,266.190002,268.899994,265.910004,268.720001,19590000
29/06/2021,268.869995,271.649994,267.980011,271.399994,19937800
30/06/2021,270.690002,271.359985,269.600006,270.899994,21656500
01/07/2021,269.609985,271.839996,269.600006,271.600006,16725300
02/07/2021,272.820007,278,272.5,277.649994,26458000
06/07/2021,278.029999,279.369995,274.299988,277.660004,31565600
07/07/2021,279.399994,280.690002,277.149994,279.929993,23260000
08/07/2021,276.899994,278.730011,274.869995,277.420013,24618600
09/07/2021,275.720001,278.049988,275.320007,277.940002,23916700
12/07/2021,279.160004,279.769989,276.579987,277.320007,18931700
13/07/2021,277.519989,282.850006,277.390015,280.980011,26120100
14/07/2021,282.350006,283.660004,280.549988,282.51001,23113700
15/07/2021,282,282.51001,279.829987,281.029999,22604200
16/07/2021,282.070007,284.100006,279.459991,280.75,26186800
19/07/2021,278.929993,280.369995,274.450012,277.01001,32935600
20/07/2021,278.029999,280.970001,276.26001,279.320007,26259700
21/07/2021,278.899994,281.519989,277.290009,281.399994,24364300
22/07/2021,283.839996,286.420013,283.420013,286.140015,23384100
23/07/2021,287.369995,289.98999,286.5,289.670013,22768100
26/07/2021,289,289.690002,286.640015,289.049988,23176100
27/07/2021,289.429993,289.579987,282.950012,286.540009,33604100
28/07/2021,288.98999,290.149994,283.829987,286.220001,33566900
29/07/2021,286.23999,288.619995,286.079987,286.5,18168300
30/07/2021,285.170013,286.660004,283.910004,284.910004,20944800
02/08/2021,286.359985,286.769989,283.73999,284.820007,16267400
03/08/2021,285.420013,287.230011,284,287.119995,17879000
04/08/2021,286.220001,287.589996,284.649994,286.51001,16191300
05/08/2021,286.880005,289.630005,286.100006,289.519989,13900200
06/08/2021,288.51001,289.5,287.619995,289.459991,16589300
09/08/2021,289.75,291.549988,287.809998,288.329987,16117600
10/08/2021,288.799988,289.25,285.200012,286.440002,18616600
11/08/2021,287.209991,288.660004,285.859985,286.950012,13955900
12/08/2021,286.630005,289.970001,286.339996,289.809998,14561300
13/08/2021,289.480011,292.899994,289.299988,292.850006,18249000
16/08/2021,293.190002,294.820007,290.019989,294.600006,22507600
17/08/2021,292.390015,293.429993,291.079987,293.079987,20075300
18/08/2021,292.040009,294.820007,290.269989,290.730011,21813000
19/08/2021,288.690002,297.470001,288.640015,296.769989,29850500
20/08/2021,299.720001,305.839996,298.059998,304.359985,40817600
23/08/2021,303.25,305.399994,301.850006,304.649994,22830200
24/08/2021,305.019989,305.649994,302,302.619995,18175800
25/08/2021,304.299988,304.589996,300.420013,302.01001,20006100
26/08/2021,300.98999,302.429993,298.950012,299.089996,17666100
27/08/2021,298.98999,300.869995,296.829987,299.720001,22605700
30/08/2021,301.119995,304.220001,301.059998,303.589996,16348100
31/08/2021,304.420013,304.5,301.5,301.880005,26285300
01/09/2021,302.869995,305.190002,301.48999,301.829987,18983800
02/09/2021,302.200012,303.359985,300.179993,301.149994,16285600
03/09/2021,300.98999,302.600006,300.26001,301.140015,14747900
07/09/2021,301.01001,301.089996,298.200012,300.179993,17180400
08/09/2021,299.779999,300.609985,297.470001,300.209991,15046800
09/09/2021,300.820007,302.140015,297,297.25,19927000
10/09/2021,298.420013,299.920013,295.380005,295.709991,19633400
13/09/2021,297.549988,298.540009,294.079987,296.98999,23652900
14/09/2021,299.559998,301.390015,298.100006,299.790009,21853400
15/09/2021,303.26001,305.320007,301.820007,304.820007,28356300
16/09/2021,303.76001,305.309998,300.76001,305.220001,19550800
17/09/2021,304.170013,304.5,299.529999,299.869995,41372500
20/09/2021,296.329987,298.720001,289.519989,294.299988,38278700
21/09/2021,295.690002,297.540009,294.070007,294.799988,22364100
22/09/2021,296.730011,300.220001,294.51001,298.579987,26626300
23/09/2021,298.850006,300.899994,297.529999,299.559998,18604600
24/09/2021,298.230011,299.799988,296.929993,299.350006,14999000
27/09/2021,296.140015,296.470001,292.940002,294.170013,23571700
28/09/2021,289.799988,290.779999,282.75,283.519989,43186200
29/09/2021,285.100006,286.769989,283.01001,284,26353700
30/09/2021,285.709991,287.829987,281.619995,281.920013,32343600
01/10/2021,282.119995,289.980011,281.290009,289.100006,30086300
04/10/2021,287.399994,287.75,280.25,283.109985,31350700
05/10/2021,284.049988,290.399994,284.049988,288.76001,24993000
06/10/2021,285.779999,293.630005,285.51001,293.109985,28002600
07/10/2021,295.179993,296.640015,293.920013,294.850006,20430500
08/10/2021,296.220001,296.640015,293.76001,294.850006,17685700
11/10/2021,292.920013,297.970001,292.75,294.230011,19298600
12/10/2021,295.339996,295.440002,292.350006,292.880005,17974100
13/10/2021,294.910004,297.279999,293.48999,296.309998,23416300
14/10/2021,299.209991,303.269989,297.829987,302.75,27262900
15/10/2021,302.339996,304.450012,300.519989,304.209991,25384800
18/10/2021,303.570007,308.209991,302.690002,307.290009,22729300
19/10/2021,308.350006,309.299988,307.220001,308.230011,17682100
20/10/2021,309.209991,309.700012,306.109985,307.410004,16537100
21/10/2021,307.170013,311.019989,306.359985,310.76001,16918100
22/10/2021,310.399994,311.089996,307.799988,309.160004,17449300
25/10/2021,309.359985,309.399994,306.459991,308.130005,17554500
26/10/2021,311,312.399994,308.600006,310.109985,28107300
27/10/2021,316,326.100006,316,323.170013,52588700
28/10/2021,324.329987,324.869995,321.359985,324.350006,26297900
29/10/2021,324.130005,332,323.899994,331.619995,34766000
01/11/2021,331.359985,331.48999,326.369995,329.369995,27073200
02/11/2021,330.309998,333.450012,330,333.130005,26487100
03/11/2021,333.899994,334.899994,330.649994,334,21500100
04/11/2021,332.890015,336.540009,329.51001,336.440002,23992200
05/11/2021,338.51001,338.790009,334.420013,336.059998,22570100
08/11/2021,337.299988,337.649994,334.440002,336.98999,20897000
09/11/2021,337.109985,338.720001,334.529999,335.950012,21307400
10/11/2021,334.570007,334.630005,329.920013,330.799988,25500900
11/11/2021,331.25,333.769989,330.51001,332.429993,16849800
12/11/2021,333.920013,337.230011,333.790009,336.720001,23831000
15/11/2021,337.540009,337.880005,334.029999,336.070007,16723000
16/11/2021,335.679993,340.670013,335.51001,339.51001,20886800
17/11/2021,338.940002,342.190002,338,339.119995,19053400
18/11/2021,338.179993,342.450012,337.119995,341.269989,22463500
19/11/2021,342.640015,345.100006,342.200012,343.109985,21963400
22/11/2021,344.619995,349.670013,339.549988,339.829987,31031100
23/11/2021,337.049988,339.450012,333.559998,337.679993,30427600
24/11/2021,336.279999,338.160004,333.910004,337.910004,21661300
26/11/2021,334.350006,337.929993,328.119995,329.679993,24217200
29/11/2021,334.940002,339.029999,334.73999,336.630005,28563500
30/11/2021,335.320007,337.779999,328.98999,330.589996,42885600
01/12/2021,335.130005,339.279999,329.390015,330.079987,33337600
02/12/2021,330.299988,333.48999,327.799988,329.48999,30766000
03/12/2021,331.98999,332.700012,318.029999,323.01001,41779300
06/12/2021,323.950012,327.450012,319.230011,326.190002,30032600
07/12/2021,331.640015,335.799988,330.100006,334.920013,31021900
08/12/2021,335.309998,335.5,330.799988,334.970001,24761000
09/12/2021,334.410004,336.48999,332.119995,333.100006,22214200
10/12/2021,334.980011,343,334.790009,342.540009,38095700
13/12/2021,340.679993,343.790009,339.079987,339.399994,28899400
14/12/2021,333.220001,334.640015,324.109985,328.339996,44438700
15/12/2021,328.609985,335.190002,324.5,334.649994,35381100
16/12/2021,335.709991,336.76001,323.019989,324.899994,35034800
17/12/2021,320.880005,324.920013,317.25,323.799988,47750300
20/12/2021,320.049988,322.799988,317.570007,319.910004,28326500
21/12/2021,323.290009,327.730011,319.799988,327.290009,24740600
22/12/2021,328.299988,333.609985,325.75,333.200012,24831500
23/12/2021,332.75,336.390015,332.730011,334.690002,19617800
27/12/2021,335.459991,342.480011,335.429993,342.450012,19947000
28/12/2021,343.149994,343.809998,340.320007,341.25,15661500
29/12/2021,341.299988,344.299988,339.679993,341.950012,15042000
30/12/2021,341.910004,343.130005,338.820007,339.320007,15994500
31/12/2021,338.51001,339.359985,335.850006,336.320007,18000800
03/01/2022,335.350006,338,329.779999,334.75,28865100
04/01/2022,334.829987,335.200012,326.119995,329.01001,32674300
05/01/2022,325.859985,326.070007,315.980011,316.380005,40054300
06/01/2022,313.149994,318.700012,311.48999,313.880005,39646100
07/01/2022,314.149994,316.5,310.089996,314.040009,32720000
10/01/2022,309.48999,314.720001,304.690002,314.269989,44289500
11/01/2022,313.380005,316.609985,309.890015,314.980011,29386800
12/01/2022,319.670013,323.410004,317.079987,318.269989,34372200
13/01/2022,320.470001,320.880005,304,304.799988,45366000
14/01/2022,304.25,310.820007,303.75,310.200012,39846400
18/01/2022,304.070007,309.799988,301.73999,302.649994,42333200
19/01/2022,306.290009,313.910004,302.700012,303.329987,45933900
20/01/2022,309.070007,311.649994,301.140015,301.600006,35380700
21/01/2022,302.690002,304.109985,295.609985,296.029999,57984400
24/01/2022,292.200012,297.109985,276.049988,296.369995,85731500
25/01/2022,291.519989,294.98999,285.170013,288.48999,72848600
26/01/2022,307.98999,308.5,293.029999,296.709991,90428900
27/01/2022,302.660004,307.299988,297.929993,299.839996,53481300
28/01/2022,300.230011,308.480011,294.450012,308.26001,49743700
31/01/2022,308.950012,312.380005,306.369995,310.980011,46444500
01/02/2022,310.410004,310.630005,305.130005,308.76001,40950400
02/02/2022,309.630005,315.119995,308.880005,313.459991,36636000
03/02/2022,309.48999,311.230011,299.959991,301.25,43730000
04/02/2022,300.209991,308.799988,299.970001,305.940002,35096500
07/02/2022,306.170013,307.839996,299.899994,300.950012,28533300
08/02/2022,301.25,305.559998,299.950012,304.559998,32421200
09/02/2022,309.869995,311.929993,307.390015,311.209991,31284700
10/02/2022,304.040009,309.119995,300.700012,302.380005,45386200
11/02/2022,303.190002,304.290009,294.220001,295.040009,39175600
14/02/2022,293.769989,296.76001,291.350006,295,36359500
15/02/2022,300.01001,300.799988,297.019989,300.470001,27058300
16/02/2022,298.369995,300.869995,293.679993,299.5,29982100
17/02/2022,296.359985,296.799988,290,290.730011,32461600
18/02/2022,293.049988,293.859985,286.309998,287.929993,34264000
22/02/2022,285,291.540009,284.5,287.720001,41736100
23/02/2022,290.179993,291.700012,280.100006,280.269989,37811200
24/02/2022,272.51001,295.160004,271.519989,294.589996,56989700
25/02/2022,295.140015,297.630005,291.649994,297.309998,32546700
28/02/2022,294.309998,299.140015,293,298.790009,34585700
01/03/2022,296.399994,299.970001,292.149994,294.950012,31217800
02/03/2022,295.359985,301.470001,293.700012,300.190002,31873000
03/03/2022,302.890015,303.130005,294.049988,295.920013,27314500
04/03/2022,294.290009,295.660004,287.170013,289.859985,32356500
07/03/2022,288.529999,289.690002,278.529999,278.910004,43157200
08/03/2022,277.799988,283.959991,270,275.850006,48159500
09/03/2022,283.440002,289.600006,280.779999,288.5,35204500
10/03/2022,283.019989,286.600006,280.579987,285.589996,30628000
11/03/2022,287.959991,289.51001,279.429993,280.070007,27192600
14/03/2022,280.339996,285.399994,275.820007,276.440002,30660700
15/03/2022,280.350006,287.820007,278.730011,287.149994,34245100
16/03/2022,289.109985,294.570007,283.200012,294.390015,37826300
17/03/2022,293.290009,295.609985,289.369995,295.220001,30816600
18/03/2022,295.369995,301,292.730011,300.429993,43317000
21/03/2022,298.890015,300.140015,294.899994,299.160004,28351200
22/03/2022,299.799988,305,298.769989,304.059998,27599700
23/03/2022,300.51001,303.230011,297.720001,299.48999,25715400
24/03/2022,299.140015,304.200012,298.320007,304.100006,24446900
